{
    "foreground_intensity_properties_per_channel": {
        "0": {
            "max": 255.0,
            "mean": 21.481517700004346,
            "median": 14.0,
            "min": 0.0,
            "percentile_00_5": 2.0,
            "percentile_99_5": 255.0,
            "std": 40.17871394151505
        }
    },
    "median_relative_size_after_cropping": 1.0,
    "shapes_after_crop": [
        [
            1,
            512,
            512
        ],
        [
            1,
            512,
            512
        ],
        [
            1,
            512,
            512
        ],
        [
            1,
            512,
            512
        ],
        [
            1,
            512,
            512
        ],
        [
            1,
            512,
            512
        ],
        [
            1,
            512,
            512
        ],
        [
            1,
            512,
            512
        ],
        [
            1,
            512,
            512
        ],
        [
            1,
            512,
            512
        ],
        [
            1,
            512,
            512
        ],
        [
            1,
            512,
            512
        ],
        [
            1,
            512,
            512
        ],
        [
            1,
            512,
            512
        ],
        [
            1,
            512,
            512
        ],
        [
            1,
            512,
            512
        ],
        [
            1,
            512,
            512
        ],
        [
            1,
            512,
            512
        ],
        [
            1,
            512,
            512
        ],
        [
            1,
            512,
            512
        ],
        [
            1,
            512,
            505
        ],
        [
            1,
            630,
            630
        ],
        [
            1,
            630,
            488
        ],
        [
            1,
            512,
            505
        ],
        [
            1,
            512,
            505
        ],
        [
            1,
            630,
            630
        ],
        [
            1,
            512,
            512
        ],
        [
            1,
            384,
            384
        ],
        [
            1,
            512,
            512
        ],
        [
            1,
            512,
            512
        ],
        [
            1,
            640,
            640
        ],
        [
            1,
            512,
            512
        ],
        [
            1,
            512,
            512
        ],
        [
            1,
            512,
            512
        ],
        [
            1,
            512,
            512
        ],
        [
            1,
            512,
            512
        ],
        [
            1,
            512,
            512
        ],
        [
            1,
            512,
            512
        ],
        [
            1,
            512,
            512
        ],
        [
            1,
            512,
            512
        ],
        [
            1,
            512,
            512
        ],
        [
            1,
            512,
            512
        ],
        [
            1,
            512,
            512
        ],
        [
            1,
            512,
            512
        ]
    ],
    "spacings": [
        [
            4.0,
            0.46880000829696655,
            0.46880000829696655
        ],
        [
            4.0,
            0.46880000829696655,
            0.46880000829696655
        ],
        [
            4.0,
            0.46880000829696655,
            0.46880000829696655
        ],
        [
            4.0,
            0.46880000829696655,
            0.46880000829696655
        ],
        [
            4.0,
            0.46880000829696655,
            0.46880000829696655
        ],
        [
            4.0,
            0.46880000829696655,
            0.46880000829696655
        ],
        [
            4.0,
            0.46880000829696655,
            0.46880000829696655
        ],
        [
            4.0,
            0.46880000829696655,
            0.46880000829696655
        ],
        [
            4.0,
            0.46880000829696655,
            0.46880000829696655
        ],
        [
            4.0,
            0.46880000829696655,
            0.46880000829696655
        ],
        [
            4.0,
            0.46880000829696655,
            0.46880000829696655
        ],
        [
            4.0,
            0.46880000829696655,
            0.46880000829696655
        ],
        [
            4.0,
            0.46880000829696655,
            0.46880000829696655
        ],
        [
            4.0,
            0.46880000829696655,
            0.46880000829696655
        ],
        [
            4.0,
            0.46880000829696655,
            0.46880000829696655
        ],
        [
            4.0,
            0.46880000829696655,
            0.46880000829696655
        ],
        [
            4.0,
            0.46880000829696655,
            0.46880000829696655
        ],
        [
            4.0,
            0.46880000829696655,
            0.46880000829696655
        ],
        [
            4.0,
            0.5077999830245972,
            0.5077999830245972
        ],
        [
            4.0,
            0.5077999830245972,
            0.5077999830245972
        ],
        [
            1.0,
            1.0,
            1.0
        ],
        [
            1.0,
            0.35277777910232544,
            0.35277777910232544
        ],
        [
            1.0,
            1.0,
            1.0
        ],
        [
            1.0,
            1.0,
            1.0
        ],
        [
            1.0,
            1.0,
            1.0
        ],
        [
            1.0,
            0.35277777910232544,
            0.35277777910232544
        ],
        [
            1.0,
            1.0,
            1.0
        ],
        [
            1.0,
            1.0,
            1.0
        ],
        [
            4.0,
            0.5077999830245972,
            0.5077999830245972
        ],
        [
            4.0,
            0.46880000829696655,
            0.46880000829696655
        ],
        [
            3.299999952316284,
            0.375,
            0.375
        ],
        [
            4.0,
            0.46880000829696655,
            0.46880000829696655
        ],
        [
            4.0,
            0.46880000829696655,
            0.46880000829696655
        ],
        [
            4.0,
            0.46880000829696655,
            0.46880000829696655
        ],
        [
            4.0,
            0.46880000829696655,
            0.46880000829696655
        ],
        [
            4.0,
            0.48829999566078186,
            0.48829999566078186
        ],
        [
            4.0,
            0.46880000829696655,
            0.46880000829696655
        ],
        [
            4.0,
            0.46880000829696655,
            0.46880000829696655
        ],
        [
            4.0,
            0.5077999830245972,
            0.5077999830245972
        ],
        [
            4.0,
            0.46880000829696655,
            0.46880000829696655
        ],
        [
            4.0,
            0.5077999830245972,
            0.5077999830245972
        ],
        [
            4.0,
            0.5077999830245972,
            0.5077999830245972
        ],
        [
            4.0,
            0.5077999830245972,
            0.5077999830245972
        ],
        [
            4.0,
            0.5077999830245972,
            0.5077999830245972
        ]
    ]
}